case_id,fold,split,postprocess,dice,iou,precision,recall,hd95_mm,assd_mm,nsd,gt_volume_ml,pred_volume_ml,abs_vol_err_ml,rel_vol_err,n_components,kind,severity,git_commit
la_004,0,val,lcc,0.8559542298316956,0.7481817907475028,0.8640910358288024,0.8479692176143652,16.937543869018555,2.680826425552368,0.6836195588111877,125.17304687500001,122.837625,2.3354218750000086,-0.018657545959811953,1,none,0.0,a46009a62cf47d11a3975600ee68526517ab90b5
la_011,0,val,lcc,0.8918318748474121,0.8047802549261276,0.9014084507042254,0.8824565905397315,6.699100494384766,1.8288347721099854,0.7356858253479004,125.13023437500001,122.49940625,2.630828125000008,-0.02102471986998552,1,none,0.0,a46009a62cf47d11a3975600ee68526517ab90b5
la_014,0,val,lcc,0.9155675768852234,0.8442827591126328,0.9681482814468239,0.8684040617479604,5.758072376251221,1.4757976531982422,0.8264380693435669,145.8793125,130.84998437500002,15.029328124999978,-0.1030257674473204,1,none,0.0,a46009a62cf47d11a3975600ee68526517ab90b5
la_017,0,val,lcc,0.9044904112815857,0.8256344171292624,0.928306723508596,0.8818655867016068,3.7916882038116455,1.2417943477630615,0.8386695384979248,80.870671875,76.82489062500001,4.04578124999999,-0.050027793218454575,1,none,0.0,a46009a62cf47d11a3975600ee68526517ab90b5
la_016,1,val,lcc,0.8378084897994995,0.7208867905162681,0.9870984062737161,0.727743700265252,11.206515312194824,2.785288095474243,0.6283055543899536,103.298,76.157015625,27.140984375000002,-0.26274452917771884,1,none,0.0,a46009a62cf47d11a3975600ee68526517ab90b5
la_019,1,val,lcc,0.8466284871101379,0.7340466044065646,0.9790542991897448,0.7457580279666169,11.523951530456543,2.5696322917938232,0.6129609942436218,116.19098437500001,88.504140625,27.68684375000001,-0.238287367121723,1,none,0.0,a46009a62cf47d11a3975600ee68526517ab90b5
la_020,1,val,lcc,0.840081512928009,0.7242590808636029,0.8870766240977235,0.7978152309612984,17.178274154663086,2.9609878063201904,0.7202883362770081,68.58562500000001,61.684250000000006,6.901375000000002,-0.10062421972534333,1,none,0.0,a46009a62cf47d11a3975600ee68526517ab90b5
la_021,1,val,lcc,0.9032275080680847,0.8235321936109338,0.9176129627190094,0.8892860790521908,4.4740471839904785,1.3252503871917725,0.8393532037734985,83.83543750000001,81.247421875,2.5880156250000113,-0.03087018690634269,1,none,0.0,a46009a62cf47d11a3975600ee68526517ab90b5
la_003,2,val,lcc,0.9306566119194031,0.8703065903184228,0.9465906740514329,0.9152500944381485,2.850771903991699,0.9477741718292236,0.8902077078819275,96.334546875,93.14501562500001,3.1895312499999875,-0.03310890385085426,1,none,0.0,a46009a62cf47d11a3975600ee68526517ab90b5
la_005,2,val,lcc,0.8803805708885193,0.7863212809239452,0.9458323466729813,0.8234010753981207,10.680005073547363,2.1150572299957275,0.723616898059845,124.60792187500002,108.47831250000002,16.129609375,-0.1294428888010857,1,none,0.0,a46009a62cf47d11a3975600ee68526517ab90b5
la_023,2,val,lcc,0.7788688540458679,0.6378257102872248,0.9406080062897202,0.6645912415517081,12.674091339111328,3.0398054122924805,0.6297031044960022,92.4835625,65.34471875,27.138843750000007,-0.29344505138413113,1,none,0.0,a46009a62cf47d11a3975600ee68526517ab90b5
la_026,2,val,lcc,0.8793678879737854,0.7847070472548484,0.9070368616307523,0.8533370463195025,10.46052074432373,2.12441349029541,0.7299898266792297,115.30476562500002,108.47831250000002,6.8264531250000005,-0.059203564466722355,1,none,0.0,a46009a62cf47d11a3975600ee68526517ab90b5
la_007,3,val,lcc,0.9174362421035767,0.8474662014827736,0.962724426300979,0.8762174446288147,4.809636116027832,1.3301753997802734,0.8850582242012024,118.6848125,108.02021875000001,10.664593749999995,-0.08985643171488343,1,none,0.0,a46009a62cf47d11a3975600ee68526517ab90b5
la_018,3,val,lcc,0.917621374130249,0.8477822808884461,0.9071175929066331,0.9283713088537922,3.75,1.052662968635559,0.8600117564201355,86.337828125,88.36071875,2.0228906250000023,0.023429945702030622,1,none,0.0,a46009a62cf47d11a3975600ee68526517ab90b5
la_024,3,val,lcc,0.908984363079071,0.8331543006214993,0.8850354552123237,0.9342654334265433,8.314499855041504,1.3921996355056763,0.8448216915130615,99.51765625,105.0533125,5.535656250000002,0.05562486556248658,1,none,0.0,a46009a62cf47d11a3975600ee68526517ab90b5
la_029,3,val,lcc,0.9085923433303833,0.8324958123953099,0.8748757843332103,0.9450118072806453,4.183526992797852,1.2314538955688477,0.8603699803352356,69.79935937500001,75.394953125,5.595593749999992,0.08016683534210434,1,none,0.0,a46009a62cf47d11a3975600ee68526517ab90b5
la_004,0,val,lcc,0.853725790977478,0.7447831699601379,0.8137321760694358,0.8978537836682343,15.152486801147461,2.729247570037842,0.6373116970062256,125.17304687500001,138.113125,12.940078124999985,0.10337751175716105,1,noise,0.05,a46009a62cf47d11a3975600ee68526517ab90b5
la_011,0,val,lcc,0.8864647150039673,0.7960813513789731,0.8445263614398116,0.9327859036865965,5.274476051330566,1.8781739473342896,0.6977978348731995,125.13023437500001,138.2073125,13.077078124999986,0.10450774099734826,1,noise,0.05,a46009a62cf47d11a3975600ee68526517ab90b5
la_014,0,val,lcc,0.9207100868225098,0.8530702367310433,0.9470940515716635,0.8957562951223808,5.274476051330566,1.3997210264205933,0.8293902277946472,145.8793125,137.97184375,7.9074687499999925,-0.05420555262076652,1,noise,0.05,a46009a62cf47d11a3975600ee68526517ab90b5
la_017,0,val,lcc,0.9111008644104004,0.8367174076135621,0.907073145135901,0.9151645093835199,4.110000133514404,1.168013334274292,0.8552716374397278,80.870671875,81.59206250000001,0.7213906250000122,0.008920299637364824,1,noise,0.05,a46009a62cf47d11a3975600ee68526517ab90b5
la_016,1,val,lcc,0.9080485701560974,0.8315832697835396,0.9364719353489089,0.8812997347480106,5.758072376251221,1.4499257802963257,0.8005214929580688,103.298,97.212203125,6.085796875,-0.05891495358090185,1,noise,0.05,a46009a62cf47d11a3975600ee68526517ab90b5
la_019,1,val,lcc,0.8717463612556458,0.7726510366484673,0.9607951898116306,0.7978039389082334,7.625874996185303,2.078141689300537,0.6785590648651123,116.19098437500001,96.48010937500001,19.710875,-0.16964203467270952,1,noise,0.05,a46009a62cf47d11a3975600ee68526517ab90b5
la_020,1,val,lcc,0.8465144634246826,0.7338752665245203,0.8340148417386036,0.8593945068664169,12.042304992675781,2.433401107788086,0.7168360352516174,68.58562500000001,70.672734375,2.087109374999997,0.030430711610486848,1,noise,0.05,a46009a62cf47d11a3975600ee68526517ab90b5
la_021,1,val,lcc,0.8969710469245911,0.8131890158348366,0.8642130177514793,0.9323102849555714,3.9140899181365967,1.384099006652832,0.7972200512886047,83.83543750000001,90.44140625,6.605968749999988,0.07879685425390649,1,noise,0.05,a46009a62cf47d11a3975600ee68526517ab90b5
la_003,2,val,lcc,0.9273712635040283,0.8645780389127209,0.9104260329693856,0.9449592249405595,3.2607667446136475,0.9968257546424866,0.8866000771522522,96.334546875,99.98859375,3.654046875000006,0.03793080461302586,1,noise,0.05,a46009a62cf47d11a3975600ee68526517ab90b5
la_005,2,val,lcc,0.8917384147644043,0.8046280991735537,0.905826894449564,0.8780814622665819,11.845678329467773,2.0804028511047363,0.7400322556495667,124.60792187500002,120.7911875,3.81673437500001,-0.03062994966587079,1,noise,0.05,a46009a62cf47d11a3975600ee68526517ab90b5
la_023,2,val,lcc,0.8462270498275757,0.7334433233919242,0.8948848972850212,0.8025877233589482,9.20268440246582,2.210094690322876,0.7198086977005005,92.4835625,82.94493750000001,9.538624999999996,-0.10313859827793719,1,noise,0.05,a46009a62cf47d11a3975600ee68526517ab90b5
la_026,2,val,lcc,0.8764931559562683,0.7801404729686191,0.8550292201486608,0.8990624709922955,12.43869400024414,2.292141914367676,0.7019644379615784,115.30476562500002,121.24285937500001,5.938093749999993,0.051499118165784764,1,noise,0.05,a46009a62cf47d11a3975600ee68526517ab90b5
la_007,3,val,lcc,0.9273689389228821,0.8645739758300988,0.9348471519683308,0.9200093788326961,3.8100364208221436,1.1632171869277954,0.8861706852912903,118.6848125,116.80106250000001,1.883749999999992,-0.01587187071639846,1,noise,0.05,a46009a62cf47d11a3975600ee68526517ab90b5
la_018,3,val,lcc,0.9039251804351807,0.8246929704451138,0.8457882342774429,0.9706443854907891,4.710562705993652,1.2635540962219238,0.8173593282699585,86.337828125,99.083109375,12.745281250000005,0.14762105471946055,1,noise,0.05,a46009a62cf47d11a3975600ee68526517ab90b5
la_024,3,val,lcc,0.8920487761497498,0.8051336437006813,0.830481134699175,0.9634760163476016,9.60390567779541,1.6342060565948486,0.7943023443222046,99.51765625,115.454609375,15.936953125000002,0.1601419660141966,1,noise,0.05,a46009a62cf47d11a3975600ee68526517ab90b5
la_029,3,val,lcc,0.8729456663131714,0.7745373652431125,0.7924169667867147,0.9716931947127917,5.0,1.6729995012283325,0.7415153980255127,69.79935937500001,85.59075,15.791390624999991,0.22623976446775218,1,noise,0.05,a46009a62cf47d11a3975600ee68526517ab90b5
la_004,0,val,lcc,0.8516649603843689,0.7416520210896309,0.812433045071341,0.8948781530568619,15.185519218444824,2.7598519325256348,0.6321010589599609,125.17304687500001,137.87551562500002,12.702468750000008,0.1014792646430099,1,noise,0.1,a46009a62cf47d11a3975600ee68526517ab90b5
la_011,0,val,lcc,0.8861885666847229,0.7956361087175593,0.8446987316649611,0.9319647592164914,5.274476051330566,1.878734827041626,0.6981005668640137,125.13023437500001,138.05746875,12.927234374999983,0.10331023864511148,1,noise,0.1,a46009a62cf47d11a3975600ee68526517ab90b5
la_014,0,val,lcc,0.9207565188407898,0.8531499804349041,0.9471267221050018,0.8958149909021541,5.274476051330566,1.3966083526611328,0.829097330570221,145.8793125,137.97612500000002,7.903187499999973,-0.05417620473087967,1,noise,0.1,a46009a62cf47d11a3975600ee68526517ab90b5
la_017,0,val,lcc,0.9112614393234253,0.8369883217679345,0.9062753619394194,0.9163027078535695,4.110000133514404,1.1677881479263306,0.8551923632621765,80.870671875,81.76545312500001,0.8947812500000083,0.011064347918155693,1,noise,0.1,a46009a62cf47d11a3975600ee68526517ab90b5
la_016,1,val,lcc,0.894899308681488,0.8097898070832134,0.9165888104291147,0.8742125331564987,10.157386779785156,1.9075294733047485,0.7609673142433167,103.298,98.522265625,4.775734374999999,-0.04623259283819628,1,noise,0.1,a46009a62cf47d11a3975600ee68526517ab90b5
la_019,1,val,lcc,0.8689075112342834,0.7682020007489434,0.9598930481283422,0.7936771126955176,8.082084655761719,2.134359359741211,0.6715186834335327,116.19098437500001,96.07125,20.119734375000007,-0.17316089095230203,1,noise,0.1,a46009a62cf47d11a3975600ee68526517ab90b5
la_020,1,val,lcc,0.8430657982826233,0.7287067915938806,0.82743283043818,0.8593008739076154,12.5,2.469329595565796,0.7099903225898743,68.58562500000001,71.22715625000001,2.64153125,0.03851435705368289,1,noise,0.1,a46009a62cf47d11a3975600ee68526517ab90b5
la_021,1,val,lcc,0.8966678977012634,0.8126908418213832,0.8647488497841863,0.9310336022878153,3.9140899181365967,1.3864169120788574,0.7977736592292786,83.83543750000001,90.26159375,6.426156249999991,0.07665202737207628,1,noise,0.1,a46009a62cf47d11a3975600ee68526517ab90b5
la_003,2,val,lcc,0.9270730018615723,0.8640597414720266,0.9087416766262592,0.9461591449458925,3.2607667446136475,1.000602126121521,0.8863274455070496,96.334546875,100.30112500000001,3.9665781250000123,0.04117503277559287,1,noise,0.1,a46009a62cf47d11a3975600ee68526517ab90b5
la_005,2,val,lcc,0.8952028155326843,0.8102869980698035,0.9111368083970823,0.8798165295219117,11.319231033325195,2.014493942260742,0.7497681379318237,124.60792187500002,120.32453125,4.28339062500001,-0.03437494631598846,1,noise,0.1,a46009a62cf47d11a3975600ee68526517ab90b5
la_023,2,val,lcc,0.8414602875709534,0.7263111129916012,0.8941323540901633,0.794648643644107,9.41645622253418,2.251734972000122,0.715335488319397,92.4835625,82.193578125,10.289984375000003,-0.11126284603277477,1,noise,0.1,a46009a62cf47d11a3975600ee68526517ab90b5
la_026,2,val,lcc,0.8770935535430908,0.7810922811487173,0.8559539165621189,0.8993038150932888,12.31107234954834,2.281559705734253,0.7009459733963013,115.30476562500002,121.14439062500001,5.839624999999998,0.05064513134688571,1,noise,0.1,a46009a62cf47d11a3975600ee68526517ab90b5
la_007,3,val,lcc,0.9276211857795715,0.8650125585499966,0.9360881542699725,0.919305966380492,3.9140899181365967,1.1653581857681274,0.8894557952880859,118.6848125,116.55703125000001,2.127781249999998,-0.017927999422841047,1,noise,0.1,a46009a62cf47d11a3975600ee68526517ab90b5
la_018,3,val,lcc,0.9032027125358582,0.8234910208635972,0.8451632419351354,0.9698014033173827,4.710562705993652,1.2722804546356201,0.8157969117164612,86.337828125,99.070265625,12.732437500000003,0.14747229315944763,1,noise,0.1,a46009a62cf47d11a3975600ee68526517ab90b5
la_024,3,val,lcc,0.8923285603523254,0.8055895479412611,0.8313986962093494,0.9628952462895246,9.421125411987305,1.6308362483978271,0.7931057214736938,99.51765625,115.25767187500001,15.740015625000012,0.1581630458163047,1,noise,0.1,a46009a62cf47d11a3975600ee68526517ab90b5
la_029,3,val,lcc,0.8741809725761414,0.776484426691499,0.7944140801283659,0.9717545312356243,5.0,1.6601425409317017,0.7443701028823853,69.79935937500001,85.38096875000001,15.581609375,0.22323427484895877,1,noise,0.1,a46009a62cf47d11a3975600ee68526517ab90b5
la_004,0,val,lcc,0.8467217683792114,0.7341869071419457,0.8111918786815391,0.8855066267635742,15.603032112121582,2.82468843460083,0.627005934715271,125.17304687500001,136.640375,11.467328124999995,0.09161179991449332,1,noise,0.2,a46009a62cf47d11a3975600ee68526517ab90b5
la_011,0,val,lcc,0.8856542110443115,0.7947750234962406,0.8487970891753709,0.9258574972200838,5.332860469818115,1.8855843544006348,0.6959590911865234,125.13023437500001,136.49053125,11.360296874999989,0.09078778547600709,1,noise,0.2,a46009a62cf47d11a3975600ee68526517ab90b5
la_014,0,val,lcc,0.9207692742347717,0.8531718843943568,0.9476463371072699,0.8953747725538533,5.274476051330566,1.4000294208526611,0.8302116990089417,145.8793125,137.83270312500002,8.046609374999974,-0.0551593590420847,1,noise,0.2,a46009a62cf47d11a3975600ee68526517ab90b5
la_017,0,val,lcc,0.9119265079498291,0.8381110950243714,0.9045994374414001,0.9193731967495169,4.110000133514404,1.1660435199737549,0.8556153774261475,80.870671875,82.1914375,1.320765625000007,0.016331824558617307,1,noise,0.2,a46009a62cf47d11a3975600ee68526517ab90b5
la_016,1,val,lcc,0.8819942474365234,0.7888995767602924,0.91674677516711,0.8497803381962865,9.604597091674805,2.106823444366455,0.7327470779418945,103.298,95.75229687500001,7.545703124999989,-0.07304791114058344,1,noise,0.2,a46009a62cf47d11a3975600ee68526517ab90b5
la_019,1,val,lcc,0.8615540266036987,0.7567808072898128,0.9570345029371384,0.7833968938263417,8.945891380310059,2.275623321533203,0.6551651954650879,116.19098437500001,95.11010937500001,21.080875000000006,-0.18143296670904036,1,noise,0.2,a46009a62cf47d11a3975600ee68526517ab90b5
la_020,1,val,lcc,0.8370546102523804,0.7197711778073819,0.8152849281022546,0.8600187265917603,12.5,2.493657350540161,0.7011655569076538,68.58562500000001,72.34884375,3.763218749999993,0.054868913857677795,1,noise,0.2,a46009a62cf47d11a3975600ee68526517ab90b5
la_021,1,val,lcc,0.8963795304298401,0.8122171945701357,0.8687495507583199,0.9258247370033704,3.9140899181365967,1.399545431137085,0.7988684177398682,83.83543750000001,89.343265625,5.507828124999989,0.0656980900827289,1,noise,0.2,a46009a62cf47d11a3975600ee68526517ab90b5
la_003,2,val,lcc,0.9257254600524902,0.8617214637692867,0.9043491161883769,0.948136790880608,3.2607667446136475,1.0225433111190796,0.8841488361358643,96.334546875,100.99896875,4.664421875000002,0.04841899428926963,1,noise,0.2,a46009a62cf47d11a3975600ee68526517ab90b5
la_005,2,val,lcc,0.8990806341171265,0.8166634823589352,0.9177491501162999,0.8811564824517703,10.811664581298828,1.934573769569397,0.7565816640853882,124.60792187500002,119.63953125,4.968390625000012,-0.039872189105152035,1,noise,0.2,a46009a62cf47d11a3975600ee68526517ab90b5
la_023,2,val,lcc,0.8246591687202454,0.7016340699348065,0.8913628052059804,0.7672437737246551,10.66572093963623,2.4668848514556885,0.691376805305481,92.4835625,79.6055625,12.878,-0.13924636607721508,1,noise,0.2,a46009a62cf47d11a3975600ee68526517ab90b5
la_026,2,val,lcc,0.8765369653701782,0.7802098466505246,0.8566972119321505,0.8973173674928061,11.858541488647461,2.2710068225860596,0.6979233026504517,115.30476562500002,120.771921875,5.467156249999988,0.04741483337974555,1,noise,0.2,a46009a62cf47d11a3975600ee68526517ab90b5
la_007,3,val,lcc,0.9266534447669983,0.8633311232382992,0.9376465592053029,0.9159151576365342,4.183526992797852,1.1889746189117432,0.8896185755729675,118.6848125,115.934109375,2.750703125000001,-0.023176538489286497,1,noise,0.2,a46009a62cf47d11a3975600ee68526517ab90b5
la_018,3,val,lcc,0.9032676815986633,0.8235990195249767,0.8479126329758305,0.9663550938437507,4.644361972808838,1.2685928344726562,0.8153367042541504,86.337828125,98.398109375,12.060281250000003,0.13968710485210625,1,noise,0.2,a46009a62cf47d11a3975600ee68526517ab90b5
la_024,3,val,lcc,0.8947694897651672,0.8095773014693892,0.8369797325141423,0.9611314261131426,8.945413589477539,1.6028345823287964,0.7960023880004883,99.51765625,114.27940625000001,14.761750000000006,0.14833297483329755,1,noise,0.2,a46009a62cf47d11a3975600ee68526517ab90b5
la_029,3,val,lcc,0.8798322677612305,0.7854468823602331,0.8039026618285163,0.9716011899285429,4.710562705993652,1.5925432443618774,0.760108470916748,69.79935937500001,84.359890625,14.560531249999997,0.20860551415340256,1,noise,0.2,a46009a62cf47d11a3975600ee68526517ab90b5
la_004,0,val,lcc,0.8629005551338196,0.7588610746457833,0.865760027543467,0.8600598546387345,21.428531646728516,2.974071741104126,0.688713788986206,125.17304687500001,124.34890625000001,0.8241406249999983,-0.0065840102607951975,1,bias,0.2,a46009a62cf47d11a3975600ee68526517ab90b5
la_011,0,val,lcc,0.8745715022087097,0.7771009448035803,0.894517485019229,0.8554956804379437,7.786693572998047,2.1239142417907715,0.6977232098579407,125.13023437500001,119.67164062500001,5.458593750000006,-0.04362329997433927,1,bias,0.2,a46009a62cf47d11a3975600ee68526517ab90b5
la_014,0,val,lcc,0.9180302619934082,0.8484805230026978,0.9688839627715929,0.8722486353231202,5.563685894012451,1.4334204196929932,0.8268979787826538,145.8793125,131.32948437500002,14.549828124999976,-0.09973880378000806,1,bias,0.2,a46009a62cf47d11a3975600ee68526517ab90b5
la_017,0,val,lcc,0.9008151888847351,0.819530193088181,0.9205393159087142,0.88191852616533,4.110000133514404,1.2856273651123047,0.8324546813964844,80.870671875,77.47778125,3.3928906249999926,-0.04195452500066165,1,bias,0.2,a46009a62cf47d11a3975600ee68526517ab90b5
la_016,1,val,lcc,0.7906106114387512,0.6537271111643603,0.9472526836607738,0.6784234084880637,11.511566162109375,3.323397636413574,0.5129249691963196,103.298,73.982140625,29.315859375000002,-0.2837989058355438,1,bias,0.2,a46009a62cf47d11a3975600ee68526517ab90b5
la_019,1,val,lcc,0.847577691078186,0.7354748653989087,0.9786756724158726,0.7474529744468394,11.471394538879395,2.546029806137085,0.6227022409439087,116.19098437500001,88.739609375,27.451375000000013,-0.23626080067797867,1,bias,0.2,a46009a62cf47d11a3975600ee68526517ab90b5
la_020,1,val,lcc,0.8044295310974121,0.6728416268069025,0.8144392553259548,0.7946629213483146,17.305469512939453,3.4742789268493652,0.6471396088600159,68.58562500000001,66.92021875,1.6654062500000038,-0.024282147315855235,1,bias,0.2,a46009a62cf47d11a3975600ee68526517ab90b5
la_021,1,val,lcc,0.9044516682624817,0.825569824195612,0.9197064878847068,0.8896946175058728,4.183526992797852,1.3019882440567017,0.8428743481636047,83.83543750000001,81.09971875000001,2.7357187500000038,-0.032632008987846024,1,bias,0.2,a46009a62cf47d11a3975600ee68526517ab90b5
la_003,2,val,lcc,0.930015504360199,0.8691859849687732,0.948438366290889,0.9122947359064951,2.850771903991699,0.9545958042144775,0.8885665535926819,96.334546875,92.663375,3.671171874999999,-0.03810857053974178,1,bias,0.2,a46009a62cf47d11a3975600ee68526517ab90b5
la_005,2,val,lcc,0.8765502572059631,0.7802309894376624,0.9485748574857485,0.8146913813540396,11.025882720947266,2.1596603393554688,0.7181992530822754,124.60792187500002,107.02054687500001,17.58737500000001,-0.14114170861177447,1,bias,0.2,a46009a62cf47d11a3975600ee68526517ab90b5
la_023,2,val,lcc,0.7733599543571472,0.630470160732996,0.9447785127280016,0.6545921673919082,12.979005813598633,3.125704765319824,0.6217086315155029,92.4835625,64.07746875000001,28.406093749999997,-0.307147486343857,1,bias,0.2,a46009a62cf47d11a3975600ee68526517ab90b5
la_026,2,val,lcc,0.8733736276626587,0.7752113907240238,0.8913350213580223,0.8561217859463474,11.26186466217041,2.255851984024048,0.7184188961982727,115.30476562500002,110.74951562500002,4.555250000000001,-0.03950617283950617,1,bias,0.2,a46009a62cf47d11a3975600ee68526517ab90b5
la_007,3,val,lcc,0.8888888955116272,0.8,0.9842069524456224,0.8104032898059303,6.709478378295898,1.7551907300949097,0.7832098603248596,118.6848125,97.725953125,20.958859375000003,-0.17659259793665683,1,bias,0.2,a46009a62cf47d11a3975600ee68526517ab90b5
la_018,3,val,lcc,0.9145208597183228,0.8425042797750061,0.8907877106791096,0.9395532194480947,3.7916882038116455,1.1060928106307983,0.8503124713897705,86.337828125,91.064328125,4.7265000000000015,0.054744254084744516,1,bias,0.2,a46009a62cf47d11a3975600ee68526517ab90b5
la_024,3,val,lcc,0.9120789766311646,0.8383687558175613,0.8948893626710273,0.9299419229941923,7.480280876159668,1.3361257314682007,0.8519030213356018,99.51765625,103.41573437500001,3.898078125000012,0.039169713916971514,1,bias,0.2,a46009a62cf47d11a3975600ee68526517ab90b5
la_029,3,val,lcc,0.8998315334320068,0.817903371863847,0.8614508527827648,0.9417916398319379,4.644361972808838,1.3374898433685303,0.8394631743431091,69.79935937500001,76.30900000000001,6.509640625000003,0.09326218296684764,1,bias,0.2,a46009a62cf47d11a3975600ee68526517ab90b5
la_004,0,val,lcc,0.8652129173278809,0.7624451505522772,0.8687182139470735,0.8617357845233006,21.88170051574707,3.005741596221924,0.6858239769935608,125.17304687500001,124.166953125,1.0060937500000051,-0.008037622915776014,1,bias,0.4,a46009a62cf47d11a3975600ee68526517ab90b5
la_011,0,val,lcc,0.8419831395149231,0.7270905418734637,0.8955569268744215,0.7944572748267898,10.077821731567383,2.4457290172576904,0.6548395156860352,125.13023437500001,111.00425000000001,14.125984375000002,-0.11289025746300572,1,bias,0.4,a46009a62cf47d11a3975600ee68526517ab90b5
la_014,0,val,lcc,0.9146483540534973,0.8427207227813358,0.9703064818777365,0.8650290544109879,5.291979789733887,1.4638737440109253,0.8051348924636841,145.8793125,130.05153125,15.827781249999987,-0.1084991489111932,1,bias,0.4,a46009a62cf47d11a3975600ee68526517ab90b5
la_017,0,val,lcc,0.892777144908905,0.8063211063162025,0.916271942045138,0.8704571322692501,4.295881748199463,1.3813239336013794,0.8115918040275574,80.870671875,76.82703125,4.043640624999995,-0.050001323486593016,1,bias,0.4,a46009a62cf47d11a3975600ee68526517ab90b5
la_016,1,val,lcc,0.5234968066215515,0.3545517720639333,0.8943704297305419,0.37004724801061006,20.31947135925293,6.277273178100586,0.2904408574104309,103.298,42.73971875,60.55828125,-0.5862483421750663,1,bias,0.4,a46009a62cf47d11a3975600ee68526517ab90b5
la_019,1,val,lcc,0.8279121518135071,0.7063567017798765,0.9803140675018275,0.7165202011827778,11.871789932250977,2.8047258853912354,0.578479528427124,116.19098437500001,84.925015625,31.265968750000013,-0.26909117706663727,1,bias,0.4,a46009a62cf47d11a3975600ee68526517ab90b5
la_020,1,val,lcc,0.7630855441093445,0.6169266674855669,0.743464487669124,0.7837702871410737,17.169857025146484,4.060059547424316,0.5847772359848022,68.58562500000001,72.30389062500001,3.718265625000001,0.05421348314606742,1,bias,0.4,a46009a62cf47d11a3975600ee68526517ab90b5
la_021,1,val,lcc,0.9035761952400208,0.8241121853163588,0.9291997193891317,0.8793279542436931,4.183526992797852,1.3043923377990723,0.8386549353599548,83.83543750000001,79.33584375000001,4.4995937500000025,-0.05367173935246657,1,bias,0.4,a46009a62cf47d11a3975600ee68526517ab90b5
la_003,2,val,lcc,0.9269474148750305,0.8638415672913118,0.953977847282647,0.9014065728951404,3.011660575866699,0.9909763932228088,0.8875870108604431,96.334546875,91.02579687500001,5.308749999999989,-0.05510743728195887,1,bias,0.4,a46009a62cf47d11a3975600ee68526517ab90b5
la_005,2,val,lcc,0.8626068830490112,0.7584069476440658,0.9556028901975525,0.7861057188503892,11.26255989074707,2.321539878845215,0.6928699016571045,124.60792187500002,102.50596875000001,22.10195312500001,-0.17737197436910554,1,bias,0.4,a46009a62cf47d11a3975600ee68526517ab90b5
la_023,2,val,lcc,0.7326563000679016,0.5781038984424237,0.9545116693920024,0.5944819924081104,14.252192497253418,3.5458931922912598,0.5908220410346985,92.4835625,57.5999375,34.883625,-0.3771872974724563,1,bias,0.4,a46009a62cf47d11a3975600ee68526517ab90b5
la_026,2,val,lcc,0.8638530373573303,0.7603356802028763,0.8824110289277001,0.8460595934280145,12.235383033752441,2.4139363765716553,0.6995195150375366,115.30476562500002,110.55471875,4.7500468750000095,-0.04119558154645882,1,bias,0.4,a46009a62cf47d11a3975600ee68526517ab90b5
la_007,3,val,lcc,0.6056780815124512,0.43438897705958734,0.9998339559983396,0.43442031599451697,15.213096618652344,5.139235973358154,0.1990489661693573,118.6848125,51.567656250000006,67.11715625,-0.5655075391385902,1,bias,0.4,a46009a62cf47d11a3975600ee68526517ab90b5
la_018,3,val,lcc,0.9109907746315002,0.8365317056033725,0.8796813668898638,0.9446111124885329,3.992417812347412,1.1557022333145142,0.8393580317497253,86.337828125,92.71046875,6.3726406250000025,0.07381052735973027,1,bias,0.4,a46009a62cf47d11a3975600ee68526517ab90b5
la_024,3,val,lcc,0.9159672260284424,0.8449626343763738,0.922430905481753,0.9095934609593461,4.4740471839904785,1.2420934438705444,0.8593537211418152,99.51765625,98.13267187500001,1.3849843749999877,-0.013916971391697015,1,bias,0.4,a46009a62cf47d11a3975600ee68526517ab90b5
la_029,3,val,lcc,0.8930588960647583,0.8067808477406151,0.8687293394420924,0.9187904437697427,4.644361972808838,1.427310585975647,0.819259524345398,69.79935937500001,73.82159375,4.0222343749999965,0.05762566320115307,1,bias,0.4,a46009a62cf47d11a3975600ee68526517ab90b5
la_004,0,val,lcc,0.8636863231658936,0.760077360013401,0.8740543569627347,0.8535613510047029,22.46171760559082,3.091503143310547,0.6781392097473145,125.17304687500001,122.23825000000001,2.9347968750000035,-0.023445917058572064,1,bias,0.6,a46009a62cf47d11a3975600ee68526517ab90b5
la_011,0,val,lcc,0.7700411081314087,0.6260705912374998,0.9024322957377351,0.6715251047814558,14.803071022033691,3.4473495483398438,0.55608731508255,125.13023437500001,93.11290625000001,32.017328125000006,-0.25587203832007527,1,bias,0.6,a46009a62cf47d11a3975600ee68526517ab90b5
la_014,0,val,lcc,0.887596070766449,0.7979080633868225,0.9681837884698743,0.8193930856371426,7.708599090576172,2.052957057952881,0.6958869099617004,145.8793125,123.460546875,22.418765624999992,-0.15368022539179427,1,bias,0.6,a46009a62cf47d11a3975600ee68526517ab90b5
la_017,0,val,lcc,0.8792010545730591,0.7844413221918214,0.9193967758710349,0.8423727467640753,5.421448230743408,1.5341227054595947,0.7750899791717529,80.870671875,74.09559375,6.775078124999993,-0.08377670134201533,1,bias,0.6,a46009a62cf47d11a3975600ee68526517ab90b5
la_016,1,val,lcc,0.2335054576396942,0.1321857812181707,0.8861122490782466,0.134470324933687,41.800025939941406,16.49925994873047,0.17180320620536804,103.298,15.675796875000001,87.622203125,-0.848246850132626,1,bias,0.6,a46009a62cf47d11a3975600ee68526517ab90b5
la_019,1,val,lcc,0.6913370490074158,0.5282774000146231,0.9853733378793045,0.5324526980968699,15.755797386169434,4.660722255706787,0.38369929790496826,116.19098437500001,62.78453125000001,53.406453125000006,-0.45964369277252715,1,bias,0.6,a46009a62cf47d11a3975600ee68526517ab90b5
la_020,1,val,lcc,0.7180615663528442,0.560137299771167,0.6773479439924733,0.7639825218476903,17.81155776977539,4.692887306213379,0.5355252623558044,68.58562500000001,77.35790625,8.772281249999992,0.1279026217228463,1,bias,0.6,a46009a62cf47d11a3975600ee68526517ab90b5
la_021,1,val,lcc,0.8924869894981384,0.8058478397905251,0.9410532276330691,0.8486875702175467,4.710562705993652,1.4345898628234863,0.8069604635238647,83.83543750000001,75.606875,8.22856250000001,-0.09815136349708926,1,bias,0.6,a46009a62cf47d11a3975600ee68526517ab90b5
la_003,2,val,lcc,0.9178912043571472,0.8482430171193204,0.9608514981409929,0.8786080927938138,3.7091238498687744,1.1044650077819824,0.8725182414054871,96.334546875,88.08885937500001,8.245687499999988,-0.0855942937137523,1,bias,0.6,a46009a62cf47d11a3975600ee68526517ab90b5
la_005,2,val,lcc,0.8247178792953491,0.7017190775681341,0.9673093817912795,0.7187644946831355,12.31107234954834,2.6858232021331787,0.6214208006858826,124.60792187500002,92.59059375000001,32.017328125000006,-0.25694456374224806,1,bias,0.6,a46009a62cf47d11a3975600ee68526517ab90b5
la_023,2,val,lcc,0.6264612078666687,0.4560928433268859,0.9643475750577367,0.4639153782057217,17.68263816833496,4.248780727386475,0.5450403094291687,92.4835625,44.490750000000006,47.9928125,-0.5189334320896213,1,bias,0.6,a46009a62cf47d11a3975600ee68526517ab90b5
la_026,2,val,lcc,0.8444240093231201,0.7307386156346389,0.8725397013979644,0.8180636777128005,12.170973777770996,2.627847909927368,0.6600660085678101,115.30476562500002,108.10584375,7.198921875000011,-0.062433862433862515,1,bias,0.6,a46009a62cf47d11a3975600ee68526517ab90b5
la_007,3,val,lcc,0.0,0.0,0.0,0.0,103.2766342163086,54.99718475341797,0.0,118.6848125,11.29821875,107.38659375,-0.9048048481350551,1,bias,0.6,a46009a62cf47d11a3975600ee68526517ab90b5
la_018,3,val,lcc,0.9073600172996521,0.8304291004138532,0.8723857031714796,0.9452557459152555,4.506938934326172,1.206613302230835,0.8297979831695557,86.337828125,93.54959375000001,7.211765625000012,0.08352961594723937,1,bias,0.6,a46009a62cf47d11a3975600ee68526517ab90b5
la_024,3,val,lcc,0.9004420638084412,0.8189128137110646,0.9572895973642134,0.8499677349967735,6.023321151733398,1.4969419240951538,0.8135198354721069,99.51765625,88.36071875,11.156937499999998,-0.1121101312110131,1,bias,0.6,a46009a62cf47d11a3975600ee68526517ab90b5
la_029,3,val,lcc,0.8678180575370789,0.766500553709856,0.8874002371870894,0.849081485570583,6.849999904632568,1.7588263750076294,0.7594285011291504,69.79935937500001,66.785359375,3.01400000000001,-0.043180912074094656,1,bias,0.6,a46009a62cf47d11a3975600ee68526517ab90b5
la_004,0,val,lcc,0.792059063911438,0.6557101155725009,0.8354903597996053,0.7529200513039761,17.203155517578125,3.4373786449432373,0.5985643863677979,125.17304687500001,112.80237500000001,12.370671875,-0.09882855921333902,1,gamma,-0.3,a46009a62cf47d11a3975600ee68526517ab90b5
la_011,0,val,lcc,0.8313842415809631,0.7114264978630755,0.9255171835004825,0.7546317680266872,9.50368881225586,2.291844606399536,0.7059987187385559,125.13023437500001,102.02646875,23.10376562500001,-0.1846377555384484,1,gamma,-0.3,a46009a62cf47d11a3975600ee68526517ab90b5
la_014,0,val,lcc,0.885479748249054,0.7944940937667391,0.9527697482969049,0.8270675588425193,10.220963478088379,2.0692570209503174,0.7401880025863647,145.8793125,126.63295312500001,19.246359374999983,-0.1319334389857368,1,gamma,-0.3,a46009a62cf47d11a3975600ee68526517ab90b5
la_017,0,val,lcc,0.9097200632095337,0.834391243502599,0.9372087801044181,0.8837978771275047,3.75,1.176224946975708,0.8551701307296753,80.870671875,76.26190625000001,4.6087656249999895,-0.05698933269805964,1,gamma,-0.3,a46009a62cf47d11a3975600ee68526517ab90b5
la_016,1,val,lcc,0.7840753197669983,0.6448387030534508,0.9860893047792502,0.6507584549071618,12.185441970825195,3.4041225910186768,0.5447124242782593,103.298,68.17034375,35.12765625,-0.3400613395225464,1,gamma,-0.3,a46009a62cf47d11a3975600ee68526517ab90b5
la_019,1,val,lcc,0.843705952167511,0.7296638625121854,0.9731545240044301,0.7446526280882109,11.740983009338379,2.6266891956329346,0.6184436678886414,116.19098437500001,88.90871875,27.282265625000008,-0.23480535750474404,1,gamma,-0.3,a46009a62cf47d11a3975600ee68526517ab90b5
la_020,1,val,lcc,0.868076741695404,0.7669042290022382,0.9314661802053154,0.8127652933832709,12.254698753356934,2.1771891117095947,0.7660406231880188,68.58562500000001,59.845453125000006,8.740171875000001,-0.12743445692883895,1,gamma,-0.3,a46009a62cf47d11a3975600ee68526517ab90b5
la_021,1,val,lcc,0.8974805474281311,0.8140269237161376,0.9206519696033941,0.8754468389337147,5.702376842498779,1.434517502784729,0.8195992708206177,83.83543750000001,79.71901562500001,4.116421875,-0.0491012154018997,1,gamma,-0.3,a46009a62cf47d11a3975600ee68526517ab90b5
la_003,2,val,lcc,0.9281578660011292,0.8659464716079658,0.9468562182154415,0.9101837655267426,3.1127800941467285,0.9791248440742493,0.8925504684448242,96.334546875,92.60343750000001,3.7311093749999884,-0.03873075128324766,1,gamma,-0.3,a46009a62cf47d11a3975600ee68526517ab90b5
la_005,2,val,lcc,0.8838239908218384,0.7918320859095347,0.9374169315226814,0.8360275549294807,10.667143821716309,2.070136547088623,0.7375676035881042,124.60792187500002,111.13054687500001,13.47737500000001,-0.10815825187679311,1,gamma,-0.3,a46009a62cf47d11a3975600ee68526517ab90b5
la_023,2,val,lcc,0.7792986631393433,0.6384023968453286,0.9297677104722792,0.670748078881585,12.94482135772705,3.044811725616455,0.6305151581764221,92.4835625,66.71900000000001,25.764562499999997,-0.2785853161744282,1,gamma,-0.3,a46009a62cf47d11a3975600ee68526517ab90b5
la_026,2,val,lcc,0.8750425577163696,0.7778450057984168,0.8914764518925166,0.8592035644667224,10.767516136169434,2.188769578933716,0.7210429906845093,115.30476562500002,111.13054687500001,4.1742187500000085,-0.03620161514898364,1,gamma,-0.3,a46009a62cf47d11a3975600ee68526517ab90b5
la_007,3,val,lcc,0.9143497347831726,0.8422139033691355,0.9654688377316114,0.8683716903542313,4.810623645782471,1.376872181892395,0.862290620803833,118.6848125,106.7486875,11.936125000000004,-0.10056994444845252,1,gamma,-0.3,a46009a62cf47d11a3975600ee68526517ab90b5
la_018,3,val,lcc,0.8963581323623657,0.8121820524994913,0.9021548043598373,0.8906354597971884,3.9528470039367676,1.284136176109314,0.8143184781074524,86.337828125,85.23540625000001,1.1024218749999903,-0.012768700567773175,1,gamma,-0.3,a46009a62cf47d11a3975600ee68526517ab90b5
la_024,3,val,lcc,0.9060564041137695,0.8282478706427486,0.8863968394411408,0.9266078726607873,8.591763496398926,1.4323915243148804,0.8446460962295532,99.51765625,104.032234375,4.514578125,0.045364594536459454,1,gamma,-0.3,a46009a62cf47d11a3975600ee68526517ab90b5
la_029,3,val,lcc,0.9126790761947632,0.8393833913475882,0.8943046357615894,0.9318244548716533,3.9528470039367676,1.184443712234497,0.8770243525505066,69.79935937500001,72.72773437500001,2.9283750000000026,0.04195418161744414,1,gamma,-0.3,a46009a62cf47d11a3975600ee68526517ab90b5
la_004,0,val,lcc,0.8785213232040405,0.7833598403343001,0.8987638419291937,0.8591705857203933,21.00326156616211,2.68217396736145,0.7338504791259766,125.17304687500001,119.65879687500001,5.514250000000004,-0.04405301410859344,1,gamma,0.3,a46009a62cf47d11a3975600ee68526517ab90b5
la_011,0,val,lcc,0.8952062726020813,0.8102926966117017,0.901086711614122,0.8894021041827046,6.461314678192139,1.8096040487289429,0.7507814168930054,125.13023437500001,123.50764062500001,1.6225937500000072,-0.01296723975707815,1,gamma,0.3,a46009a62cf47d11a3975600ee68526517ab90b5
la_014,0,val,lcc,0.9026727080345154,0.8226102941176471,0.9747464434007216,0.840523566355579,7.418247699737549,1.7416571378707886,0.7740812301635742,145.8793125,125.79168750000001,20.08762499999999,-0.13770029934847677,1,gamma,0.3,a46009a62cf47d11a3975600ee68526517ab90b5
la_017,0,val,lcc,0.8975034356117249,0.8140645709855703,0.9364787111622555,0.8616427115593319,3.7091238498687744,1.317102074623108,0.8278345465660095,80.870671875,74.40812500000001,6.462546874999987,-0.07991212049021927,1,gamma,0.3,a46009a62cf47d11a3975600ee68526517ab90b5
la_016,1,val,lcc,0.853070855140686,0.7437868727773552,0.989309345436649,0.7498134946949602,9.121041297912598,2.3742516040802,0.6695852875709534,103.298,78.29121875000001,25.00678124999999,-0.24208388594164446,1,gamma,0.3,a46009a62cf47d11a3975600ee68526517ab90b5
la_019,1,val,lcc,0.8323912620544434,0.712902519966449,0.9858043368633383,0.7202969841006651,14.469447135925293,3.0123958587646484,0.5800347924232483,116.19098437500001,84.8971875,31.293796875000012,-0.26933068037362523,1,gamma,0.3,a46009a62cf47d11a3975600ee68526517ab90b5
la_020,1,val,lcc,0.8112327456474304,0.6824151317419674,0.8527195789039117,0.7735955056179775,17.790645599365234,3.4312222003936768,0.6583239436149597,68.58562500000001,62.221546875,6.364078125000006,-0.09279026217228473,1,gamma,0.3,a46009a62cf47d11a3975600ee68526517ab90b5
la_021,1,val,lcc,0.899237871170044,0.8169230043404416,0.9147362582212948,0.8842559493412318,4.295881748199463,1.370274543762207,0.828170120716095,83.83543750000001,81.041921875,2.793515625000012,-0.033321417628434415,1,gamma,0.3,a46009a62cf47d11a3975600ee68526517ab90b5
la_003,2,val,lcc,0.9249886870384216,0.8604455122125982,0.9434341567114172,0.9072506277359287,3.75,1.0276185274124146,0.8795146346092224,96.334546875,92.63982812500001,3.6947187499999927,-0.038352998688976216,1,gamma,0.3,a46009a62cf47d11a3975600ee68526517ab90b5
la_005,2,val,lcc,0.8670550584793091,0.7653108542280812,0.9551279401430284,0.7938533954063665,11.117621421813965,2.279665946960449,0.6865822076797485,124.60792187500002,103.56771875000001,21.040203125000005,-0.16885124804590199,1,gamma,0.3,a46009a62cf47d11a3975600ee68526517ab90b5
la_023,2,val,lcc,0.7484331727027893,0.5979969460163478,0.9525001788396881,0.6163781131376724,13.158310890197754,3.342601776123047,0.5987613797187805,92.4835625,59.84759375,32.63596875,-0.35288399222294237,1,gamma,0.3,a46009a62cf47d11a3975600ee68526517ab90b5
la_026,2,val,lcc,0.8755856156349182,0.778703639273537,0.925199454342524,0.8310219994430521,10.840901374816895,2.169543981552124,0.7179672718048096,115.30476562500002,103.56771875000001,11.737046875000004,-0.10179151582660356,1,gamma,0.3,a46009a62cf47d11a3975600ee68526517ab90b5
la_007,3,val,lcc,0.9118382930755615,0.8379621532757354,0.9650734183334341,0.8641692518577303,5.274476051330566,1.4250636100769043,0.863774299621582,118.6848125,106.275609375,12.409203125000005,-0.10455594834427534,1,gamma,0.3,a46009a62cf47d11a3975600ee68526517ab90b5
la_018,3,val,lcc,0.9244365692138672,0.8594905129202811,0.9179173796137864,0.9310490169340242,3.75,0.9699450731277466,0.8862528204917908,86.337828125,87.57296875,1.2351406249999997,0.014305903354573175,1,gamma,0.3,a46009a62cf47d11a3975600ee68526517ab90b5
la_024,3,val,lcc,0.9097331166267395,0.8344131910766246,0.8947456005325124,0.9252312325231232,7.5,1.3655688762664795,0.8486460447311401,99.51765625,102.90840625000001,3.3907500000000113,0.03407184340718445,1,gamma,0.3,a46009a62cf47d11a3975600ee68526517ab90b5
la_029,3,val,lcc,0.906193733215332,0.828477392899536,0.8731625486906827,0.9418223080933542,4.506938934326172,1.2638355493545532,0.8517197370529175,69.79935937500001,75.28792187500001,5.4885625000000005,0.07863342227129144,1,gamma,0.3,a46009a62cf47d11a3975600ee68526517ab90b5
la_004,0,val,lcc,0.8557029366493225,0.7477979404477163,0.8214858869064476,0.8928943993159469,14.855241775512695,2.686659097671509,0.6482906341552734,125.17304687500001,136.05384375,10.880796874999987,0.0869260367678494,1,motion,2.0,a46009a62cf47d11a3975600ee68526517ab90b5
la_011,0,val,lcc,0.8872445225715637,0.797340051558472,0.8472133596874855,0.9312462578051492,5.328429222106934,1.8610000610351562,0.7012027502059937,125.13023437500001,137.541578125,12.411343749999986,0.09918740911812493,1,motion,2.0,a46009a62cf47d11a3975600ee68526517ab90b5
la_014,0,val,lcc,0.9188993573188782,0.8499664916787669,0.9459862634801256,0.8933204202617832,5.480000019073486,1.4351096153259277,0.824518620967865,145.8793125,137.75778125000002,8.121531249999975,-0.055672947115102255,1,motion,2.0,a46009a62cf47d11a3975600ee68526517ab90b5
la_017,0,val,lcc,0.9105648398399353,0.835813660381017,0.9083581381871823,0.9127822335159744,4.110000133514404,1.1755414009094238,0.8521053194999695,80.870671875,81.26454687500001,0.3938750000000084,0.004870430662537493,1,motion,2.0,a46009a62cf47d11a3975600ee68526517ab90b5
la_016,1,val,lcc,0.9074624180793762,0.8306006742261722,0.9164764561670471,0.8986240053050398,4.970372200012207,1.439978837966919,0.7922479510307312,103.298,101.2858125,2.012187499999996,-0.01947944297082224,1,motion,2.0,a46009a62cf47d11a3975600ee68526517ab90b5
la_019,1,val,lcc,0.8718453645706177,0.7728065802592223,0.95829653832568,0.7997015420328304,7.398310661315918,2.067049503326416,0.6787145733833313,116.19098437500001,96.96175000000001,19.229234375000004,-0.16549678512868699,1,motion,2.0,a46009a62cf47d11a3975600ee68526517ab90b5
la_020,1,val,lcc,0.8482409715652466,0.7364743675545442,0.8380856638030829,0.858645443196005,12.125926971435547,2.424938678741455,0.7211155295372009,68.58562500000001,70.26815625,1.6825312499999967,0.024531835205992458,1,motion,2.0,a46009a62cf47d11a3975600ee68526517ab90b5
la_021,1,val,lcc,0.8933232426643372,0.8072124498523123,0.8551679043482322,0.9350423858645694,3.9528470039367676,1.4158551692962646,0.7815793752670288,83.83543750000001,91.66584375000001,7.830406249999996,0.0934021039730364,1,motion,2.0,a46009a62cf47d11a3975600ee68526517ab90b5
la_003,2,val,lcc,0.9244521856307983,0.8595174810877121,0.9149653941583599,0.9341377241517232,3.2607667446136475,1.0243502855300903,0.8794474601745605,96.334546875,98.35315625000001,2.018609375000011,0.02095415861164823,1,motion,2.0,a46009a62cf47d11a3975600ee68526517ab90b5
la_005,2,val,lcc,0.8835734724998474,0.7914300059622807,0.9013115574297763,0.8665200735256223,12.31107234954834,2.204686164855957,0.7214427590370178,124.60792187500002,119.7979375,4.809984375000013,-0.038600951710157975,1,motion,2.0,a46009a62cf47d11a3975600ee68526517ab90b5
la_023,2,val,lcc,0.8442580699920654,0.7304900956284153,0.903765911371679,0.7921025830941579,9.416254043579102,2.227102041244507,0.7249175310134888,92.4835625,81.05690625000001,11.426656249999994,-0.12355337468752886,1,motion,2.0,a46009a62cf47d11a3975600ee68526517ab90b5
la_026,2,val,lcc,0.8777847290039062,0.7821892753670103,0.8592205390797241,0.897168848046041,12.170973777770996,2.2540555000305176,0.7038010358810425,115.30476562500002,120.39731250000001,5.0925468749999965,0.044165970481759916,1,motion,2.0,a46009a62cf47d11a3975600ee68526517ab90b5
la_007,3,val,lcc,0.9222977161407471,0.8558000682360969,0.9404607914815439,0.9048228843517784,6.162736415863037,1.266763687133789,0.8744874596595764,118.6848125,114.18735937500001,4.497453124999993,-0.03789409133540142,1,motion,2.0,a46009a62cf47d11a3975600ee68526517ab90b5
la_018,3,val,lcc,0.9041719436645508,0.8251038788466811,0.8467865878736714,0.9699005776907247,4.710562705993652,1.2610232830047607,0.8184328079223633,86.337828125,98.89045312500001,12.552625000000006,0.14538963131926716,1,motion,2.0,a46009a62cf47d11a3975600ee68526517ab90b5
la_024,3,val,lcc,0.8982576131820679,0.8153064209448588,0.8445833333333334,0.9592170359217036,8.997477531433105,1.5338771343231201,0.8148991465568542,99.51765625,113.025,13.507343750000004,0.1357281135728114,1,motion,2.0,a46009a62cf47d11a3975600ee68526517ab90b5
la_029,3,val,lcc,0.8760417699813843,0.7794255308666306,0.7984455043278572,0.9703437912104763,4.810623645782471,1.6321226358413696,0.7496328949928284,69.79935937500001,84.826546875,15.027187499999997,0.2152911951421473,1,motion,2.0,a46009a62cf47d11a3975600ee68526517ab90b5
la_004,0,val,lcc,0.8592333793640137,0.7532069719282098,0.8256352859575005,0.8956819153484396,14.317887306213379,2.6188254356384277,0.6615546345710754,125.17304687500001,135.7926875,10.619640624999988,0.0848396750748182,1,motion,5.0,a46009a62cf47d11a3975600ee68526517ab90b5
la_011,0,val,lcc,0.8870397806167603,0.797009422367882,0.8463032299159507,0.9318963305106492,5.328429222106934,1.8670775890350342,0.7003481984138489,125.13023437500001,137.785609375,12.655374999999992,0.10113762723462486,1,motion,5.0,a46009a62cf47d11a3975600ee68526517ab90b5
la_014,0,val,lcc,0.9192564487457275,0.8505777641157485,0.946792957571233,0.893276398426953,5.480000019073486,1.4346977472305298,0.8262380957603455,145.8793125,137.63362500000002,8.245687499999974,-0.05652403592181705,1,motion,5.0,a46009a62cf47d11a3975600ee68526517ab90b5
la_017,0,val,lcc,0.9103251695632935,0.8354098996460949,0.9084055984606869,0.9122528388787422,4.110000133514404,1.1759860515594482,0.8525501489639282,80.870671875,81.213171875,0.34250000000000114,0.0042351570978586125,1,motion,5.0,a46009a62cf47d11a3975600ee68526517ab90b5
la_016,1,val,lcc,0.908616304397583,0.8325360704948194,0.9271248948605689,0.8908322281167109,4.809636116027832,1.397891879081726,0.7968868017196655,103.298,99.254359375,4.043640624999995,-0.0391453912466843,1,motion,5.0,a46009a62cf47d11a3975600ee68526517ab90b5
la_019,1,val,lcc,0.8753103613853455,0.7782683782292094,0.9585973991798425,0.805339081412701,6.934330463409424,2.0145699977874756,0.690494179725647,116.19098437500001,97.614640625,18.576343750000007,-0.1598776690801231,1,motion,5.0,a46009a62cf47d11a3975600ee68526517ab90b5
la_020,1,val,lcc,0.850357711315155,0.7396715318657098,0.8420182980936936,0.8588639200998751,11.586873054504395,2.39579439163208,0.7238078117370605,68.58562500000001,69.95776562500001,1.3721406250000001,0.020006242197253433,1,motion,5.0,a46009a62cf47d11a3975600ee68526517ab90b5
la_021,1,val,lcc,0.8891810774803162,0.8004734454113057,0.84971730379953,0.9324890205290572,4.644361972808838,1.4819737672805786,0.7699000239372253,83.83543750000001,92.00192187500001,8.166484374999996,0.09741088754979056,1,motion,5.0,a46009a62cf47d11a3975600ee68526517ab90b5
la_003,2,val,lcc,0.9231292605400085,0.8572331661160733,0.9124196909185622,0.9340932826700442,3.7091238498687744,1.044297456741333,0.8777444958686829,96.334546875,98.62287500000001,2.2883281250000067,0.02375397195742513,1,motion,5.0,a46009a62cf47d11a3975600ee68526517ab90b5
la_005,2,val,lcc,0.8855851888656616,0.7946638642281268,0.9013806355193396,0.8703337857106045,12.235383033752441,2.1821632385253906,0.7283719182014465,124.60792187500002,120.31596875000001,4.291953125000006,-0.03444366185085298,1,motion,5.0,a46009a62cf47d11a3975600ee68526517ab90b5
la_023,2,val,lcc,0.8525356650352478,0.7429736016560319,0.9049909020015596,0.8058281640588835,9.168974876403809,2.156609535217285,0.7320308685302734,92.4835625,82.34984375,10.13371875,-0.10957318766780853,1,motion,5.0,a46009a62cf47d11a3975600ee68526517ab90b5
la_026,2,val,lcc,0.8762642741203308,0.7797778567046592,0.8567348965908688,0.8967047247749003,12.26538372039795,2.288618803024292,0.7001863121986389,115.30476562500002,120.68415625000002,5.379390624999999,0.04665367121507471,1,motion,5.0,a46009a62cf47d11a3975600ee68526517ab90b5
la_007,3,val,lcc,0.9228923320770264,0.8568246080027418,0.944983084802782,0.9018108361590073,4.183526992797852,1.2332850694656372,0.8766387701034546,118.6848125,113.26260937500001,5.422203124999996,-0.045685736959815273,1,motion,5.0,a46009a62cf47d11a3975600ee68526517ab90b5
la_018,3,val,lcc,0.9048158526420593,0.8261769489091177,0.8479547375951095,0.9698509905040538,4.644361972808838,1.2503002882003784,0.8192830681800842,86.337828125,98.749171875,12.41134375,0.1437532541591253,1,motion,5.0,a46009a62cf47d11a3975600ee68526517ab90b5
la_024,3,val,lcc,0.8989100456237793,0.8163820655647887,0.8439565003964807,0.9615186061518606,8.75,1.5168697834014893,0.8134188652038574,99.51765625,113.38034375000001,13.862687500000007,0.13929877392987747,1,motion,5.0,a46009a62cf47d11a3975600ee68526517ab90b5
la_029,3,val,lcc,0.8756452798843384,0.7787980994116054,0.7979115169247843,0.9701597816419787,5.0,1.6372843980789185,0.7482848763465881,69.79935937500001,84.86721875,15.067859374999998,0.21587389210905628,1,motion,5.0,a46009a62cf47d11a3975600ee68526517ab90b5
la_004,0,val,lcc,0.8602468371391296,0.7547658681334588,0.8309244179561136,0.8917144078666097,15.011425971984863,2.615358829498291,0.6648815274238586,125.17304687500001,134.330640625,9.15759374999999,0.07315946985891397,1,motion,10.0,a46009a62cf47d11a3975600ee68526517ab90b5
la_011,0,val,lcc,0.8862464427947998,0.795729391832681,0.8447476548569657,0.9320331879223335,5.274476051330566,1.877104640007019,0.6981028318405151,125.13023437500001,138.059609375,12.929374999999993,0.10332734582157209,1,motion,10.0,a46009a62cf47d11a3975600ee68526517ab90b5
la_014,0,val,lcc,0.9181663393974304,0.8487130760416958,0.9467244416041897,0.8912807419146563,5.590169906616211,1.4495066404342651,0.8265902996063232,145.8793125,137.336078125,8.543234374999997,-0.058563714268944043,1,motion,10.0,a46009a62cf47d11a3975600ee68526517ab90b5
la_017,0,val,lcc,0.9105796217918396,0.8358386267759298,0.9086236887881504,0.9125440059292199,4.110000133514404,1.1754816770553589,0.8538529872894287,80.870671875,81.21959375,0.34892187500000205,0.004314566293443472,1,motion,10.0,a46009a62cf47d11a3975600ee68526517ab90b5
la_016,1,val,lcc,0.9132317304611206,0.8403187098012863,0.9195537533878185,0.9069960212201591,4.874507427215576,1.40171480178833,0.810994029045105,103.298,101.88732812500001,1.4106718749999914,-0.013656332891246601,1,motion,10.0,a46009a62cf47d11a3975600ee68526517ab90b5
la_019,1,val,lcc,0.87592613697052,0.7792424970201562,0.9577557178466786,0.8069787578990033,6.824228763580322,2.0046331882476807,0.6937384009361267,116.19098437500001,97.89934375000001,18.291640625,-0.15742736601632304,1,motion,10.0,a46009a62cf47d11a3975600ee68526517ab90b5
la_020,1,val,lcc,0.8477698564529419,0.7357643158851521,0.8368401848698613,0.8589887640449438,12.061593055725098,2.428314447402954,0.7194162011146545,68.58562500000001,70.400875,1.8152499999999918,0.026466916354556683,1,motion,10.0,a46009a62cf47d11a3975600ee68526517ab90b5
la_021,1,val,lcc,0.8981609344482422,0.8151471081776485,0.8681965494233153,0.9302675926871616,3.7916882038116455,1.348954439163208,0.8113337755203247,83.83543750000001,89.8291875,5.9937499999999915,0.07149422939434164,1,motion,10.0,a46009a62cf47d11a3975600ee68526517ab90b5
la_003,2,val,lcc,0.9224661588668823,0.8560901514840511,0.9182114393906037,0.9267604381930094,3.1127800941467285,1.0498580932617188,0.88133704662323,96.334546875,97.23146875,0.8969218750000039,0.009310490411750368,1,motion,10.0,a46009a62cf47d11a3975600ee68526517ab90b5
la_005,2,val,lcc,0.8860163688659668,0.7953585504106019,0.9024407625155888,0.8701791757571593,11.977253913879395,2.1592373847961426,0.7290061116218567,124.60792187500002,120.15328125,4.45464062500001,-0.035749257013279356,1,motion,10.0,a46009a62cf47d11a3975600ee68526517ab90b5
la_023,2,val,lcc,0.8500024676322937,0.7391341346665249,0.9013854296388543,0.8041616516989167,9.272809982299805,2.204339027404785,0.7216774225234985,92.4835625,82.50825,9.975312500000001,-0.1078603832978428,1,motion,10.0,a46009a62cf47d11a3975600ee68526517ab90b5
la_026,2,val,lcc,0.8772705793380737,0.781373118904605,0.8571175543314618,0.8983941334818528,12.170973777770996,2.271638870239258,0.7013479471206665,115.30476562500002,120.85754687500001,5.552781249999995,0.04815743061357092,1,motion,10.0,a46009a62cf47d11a3975600ee68526517ab90b5
la_007,3,val,lcc,0.9197731614112854,0.8514629421959425,0.9362878816187736,0.9038308924320034,4.644361972808838,1.2732689380645752,0.8646721839904785,118.6848125,114.57053125,4.114281250000005,-0.034665608541952275,1,motion,10.0,a46009a62cf47d11a3975600ee68526517ab90b5
la_018,3,val,lcc,0.9037819504737854,0.8244545167070728,0.8463103224410301,0.9696278481640345,4.710562705993652,1.2662231922149658,0.81654292345047,86.337828125,98.91828125,12.580453125000005,0.14571194803262844,1,motion,10.0,a46009a62cf47d11a3975600ee68526517ab90b5
la_024,3,val,lcc,0.9017437100410461,0.8210685112959011,0.850160012191405,0.9599913959991396,8.680028915405273,1.4733647108078003,0.8230504989624023,99.51765625,112.37425,12.856593750000002,0.1291890729189073,1,motion,10.0,a46009a62cf47d11a3975600ee68526517ab90b5
la_029,3,val,lcc,0.8757317662239075,0.7789349287244257,0.7979721549636803,0.9702824546876437,4.986661911010742,1.636492371559143,0.7470430135726929,69.79935937500001,84.87150000000001,15.072140625000003,0.21593522863188888,1,motion,10.0,a46009a62cf47d11a3975600ee68526517ab90b5
la_004,0,val,lcc,0.8523021936416626,0.7426190118636432,0.8590313726852656,0.8456776400171013,16.25,2.6892175674438477,0.6712304353713989,125.17304687500001,123.22721875,1.9458281250000056,-0.015545104745617828,1,lowres,2.0,a46009a62cf47d11a3975600ee68526517ab90b5
la_011,0,val,lcc,0.8788482546806335,0.7838798528936557,0.8863486098061732,0.8714737832520743,6.225560188293457,1.9784513711929321,0.6931073069572449,125.13023437500001,123.03028125000002,2.099953124999999,-0.016782140107775203,1,lowres,2.0,a46009a62cf47d11a3975600ee68526517ab90b5
la_014,0,val,lcc,0.9167841076850891,0.8463540177294824,0.9706162069983275,0.8686094969771674,5.701543807983398,1.462494134902954,0.8230457901954651,145.8793125,130.54815625,15.331156249999992,-0.10509479368433404,1,lowres,2.0,a46009a62cf47d11a3975600ee68526517ab90b5
la_017,0,val,lcc,0.8982667922973633,0.8153215449965425,0.9240630335600526,0.8738717276793986,4.110000133514404,1.316367268562317,0.8232898116111755,80.870671875,76.478109375,4.392562499999997,-0.054315889780036486,1,lowres,2.0,a46009a62cf47d11a3975600ee68526517ab90b5
la_016,1,val,lcc,0.8446105718612671,0.7310181014006061,0.984013230429989,0.739804376657825,10.972517013549805,2.695594310760498,0.6229017972946167,103.298,77.66187500000001,25.636124999999993,-0.24817639257294422,1,lowres,2.0,a46009a62cf47d11a3975600ee68526517ab90b5
la_019,1,val,lcc,0.8488242626190186,0.737354156098268,0.9779652056901191,0.7498111608541056,11.50795841217041,2.5403459072113037,0.6194195747375488,116.19098437500001,89.08425000000001,27.106734375000002,-0.23329464433758912,1,lowres,2.0,a46009a62cf47d11a3975600ee68526517ab90b5
la_020,1,val,lcc,0.8495826721191406,0.7384995546360946,0.9029334270156333,0.8021847690387016,13.40652847290039,2.5006604194641113,0.730819582939148,68.58562500000001,60.932890625000006,7.652734375000001,-0.11157927590511861,1,lowres,2.0,a46009a62cf47d11a3975600ee68526517ab90b5
la_021,1,val,lcc,0.9038229584693909,0.8245228127439154,0.9179723502304148,0.8901031559595547,4.506938934326172,1.3202478885650635,0.8375120759010315,83.83543750000001,81.29023437500001,2.5452031250000005,-0.03035951383924012,1,lowres,2.0,a46009a62cf47d11a3975600ee68526517ab90b5
la_003,2,val,lcc,0.9281197190284729,0.8658800101686298,0.9489018897710916,0.9082283403328667,2.850771903991699,0.9786840677261353,0.8953636884689331,96.334546875,92.20528125000001,4.129265624999988,-0.042863809079394584,1,lowres,2.0,a46009a62cf47d11a3975600ee68526517ab90b5
la_005,2,val,lcc,0.8725940585136414,0.7739838736218528,0.9484010162519659,0.8080087955884626,11.025882720947266,2.198040008544922,0.7076380848884583,124.60792187500002,106.16215625000001,18.445765625000007,-0.14803044098194504,1,lowres,2.0,a46009a62cf47d11a3975600ee68526517ab90b5
la_023,2,val,lcc,0.7940876483917236,0.6584953508030431,0.9441821893340138,0.6851680399962966,11.871789932250977,2.8663547039031982,0.6397247910499573,92.4835625,67.112875,25.370687500000003,-0.2743264512545135,1,lowres,2.0,a46009a62cf47d11a3975600ee68526517ab90b5
la_026,2,val,lcc,0.8725388646125793,0.7738970903417177,0.9101100939629794,0.837946718648473,10.734681129455566,2.2010369300842285,0.7174432277679443,115.30476562500002,106.16215625000001,9.142609375000006,-0.07929081964169687,1,lowres,2.0,a46009a62cf47d11a3975600ee68526517ab90b5
la_007,3,val,lcc,0.9137916564941406,0.8412673502127362,0.9620331412391074,0.8701572758098262,4.710562705993652,1.3729195594787598,0.8746592402458191,118.6848125,107.35020312500001,11.334609375,-0.09550176754923886,1,lowres,2.0,a46009a62cf47d11a3975600ee68526517ab90b5
la_018,3,val,lcc,0.9112319350242615,0.8369385114737726,0.9082690839224573,0.9142141670592319,3.75,1.1307822465896606,0.8555228114128113,86.337828125,86.90295312500001,0.565125000000009,0.0065455086405673815,1,lowres,2.0,a46009a62cf47d11a3975600ee68526517ab90b5
la_024,3,val,lcc,0.9082350730895996,0.8318961359646585,0.889684340829379,0.9275758227575823,8.041078567504883,1.3971761465072632,0.8446234464645386,99.51765625,103.75609375,4.238437500000003,0.04258980425898046,1,lowres,2.0,a46009a62cf47d11a3975600ee68526517ab90b5
la_029,3,val,lcc,0.9085214734077454,0.8323768596839557,0.8803359797491658,0.9385714723832306,4.183526992797852,1.2316755056381226,0.8595558404922485,69.79935937500001,74.41668750000001,4.617328125,0.06615143987487349,1,lowres,2.0,a46009a62cf47d11a3975600ee68526517ab90b5
la_004,0,val,lcc,0.848524272441864,0.7369015356820234,0.8603445245210054,0.8370243693886276,16.09132194519043,2.720860004425049,0.6662073135375977,125.17304687500001,121.78015625,3.392890625000007,-0.027105600684053065,1,lowres,3.0,a46009a62cf47d11a3975600ee68526517ab90b5
la_011,0,val,lcc,0.8816895484924316,0.7884121632072262,0.891574694348731,0.8720212128988111,6.51934814453125,1.9231685400009155,0.7044947743415833,125.13023437500001,122.38595312500001,2.7442812500000002,-0.02193140022239329,1,lowres,3.0,a46009a62cf47d11a3975600ee68526517ab90b5
la_014,0,val,lcc,0.9125584959983826,0.8391793702806668,0.9664938304016802,0.8643247050537066,6.151658535003662,1.5317243337631226,0.8160898089408875,145.8793125,130.45825000000002,15.421062499999977,-0.105711099371955,1,lowres,3.0,a46009a62cf47d11a3975600ee68526517ab90b5
la_017,0,val,lcc,0.9013170599937439,0.8203613620569841,0.9293446172013383,0.8749305169538633,3.7916882038116455,1.271620273590088,0.8235688209533691,80.870671875,76.135609375,4.735062499999998,-0.0585510468778951,1,lowres,3.0,a46009a62cf47d11a3975600ee68526517ab90b5
la_016,1,val,lcc,0.841479480266571,0.7263397246804326,0.9844517866563012,0.7347687334217506,11.182463645935059,2.735384702682495,0.6278123259544373,103.298,77.09889062500001,26.199109374999992,-0.25362649204244025,1,lowres,3.0,a46009a62cf47d11a3975600ee68526517ab90b5
la_019,1,val,lcc,0.8496944308280945,0.7386684526826442,0.9768984008426698,0.7518008806352364,11.247352600097656,2.5051076412200928,0.6249196529388428,116.19098437500001,89.4181875,26.77279687500001,-0.23042060465373357,1,lowres,3.0,a46009a62cf47d11a3975600ee68526517ab90b5
la_020,1,val,lcc,0.8469058871269226,0.7344637606691217,0.8958565459610028,0.803027465667915,13.14440631866455,2.5196917057037354,0.7367051243782043,68.58562500000001,61.478750000000005,7.106875000000002,-0.10362047440699128,1,lowres,3.0,a46009a62cf47d11a3975600ee68526517ab90b5
la_021,1,val,lcc,0.903378963470459,0.8237840651021953,0.9180617436924943,0.8891584107854151,4.506938934326172,1.3251115083694458,0.8393086791038513,83.83543750000001,81.19604687500001,2.6393906250000043,-0.031482994586865536,1,lowres,3.0,a46009a62cf47d11a3975600ee68526517ab90b5
la_003,2,val,lcc,0.925265371799469,0.8609244855138504,0.9490666105932104,0.9026287136413128,3.011660575866699,1.0133540630340576,0.8899480700492859,96.334546875,91.620890625,4.71365625,-0.048930071328578094,1,lowres,3.0,a46009a62cf47d11a3975600ee68526517ab90b5
la_005,2,val,lcc,0.8708035349845886,0.7711709936450072,0.9458991298743151,0.8067547370771847,10.776354789733887,2.2036759853363037,0.701303243637085,124.60792187500002,106.27775000000001,18.330171875000005,-0.14710278126127366,1,lowres,3.0,a46009a62cf47d11a3975600ee68526517ab90b5
la_023,2,val,lcc,0.8118253946304321,0.6832542916304856,0.947246573651068,0.7102814554207943,10.974251747131348,2.620936393737793,0.6628713011741638,92.4835625,69.3476875,23.135875,-0.2501620220349967,1,lowres,3.0,a46009a62cf47d11a3975600ee68526517ab90b5
la_026,2,val,lcc,0.8727213144302368,0.7741841491841492,0.9097848855945859,0.8385593613663789,10.66572093963623,2.181138038635254,0.7150496244430542,115.30476562500002,106.27775000000001,9.027015625000004,-0.0782883133760327,1,lowres,3.0,a46009a62cf47d11a3975600ee68526517ab90b5
la_007,3,val,lcc,0.9099881052970886,0.8348423788838296,0.9622569423498422,0.8631051150710627,4.810623645782471,1.4256410598754883,0.8609336018562317,118.6848125,106.45542187500001,12.229390624999994,-0.10304090613952811,1,lowres,3.0,a46009a62cf47d11a3975600ee68526517ab90b5
la_018,3,val,lcc,0.9105560183525085,0.8357988165680473,0.9105672914807101,0.9105447152455806,3.75,1.137481451034546,0.8523697257041931,86.337828125,86.3356875,0.002140624999995566,-2.4793593335430756e-05,1,lowres,3.0,a46009a62cf47d11a3975600ee68526517ab90b5
la_024,3,val,lcc,0.9099316000938416,0.8347472399767577,0.893445001865749,0.9270380727038072,7.5,1.352972149848938,0.8516623973846436,99.51765625,103.25946875000001,3.741812500000009,0.03759948375994846,1,lowres,3.0,a46009a62cf47d11a3975600ee68526517ab90b5
la_029,3,val,lcc,0.9101105332374573,0.8350484427171712,0.8858660937227804,0.9357193240715184,4.183526992797852,1.2103617191314697,0.8553016185760498,69.79935937500001,73.72740625,3.9280468749999926,0.05627625969883756,1,lowres,3.0,a46009a62cf47d11a3975600ee68526517ab90b5
la_004,0,val,lcc,0.8384325504302979,0.721811322996495,0.8458526227853389,0.8311415134672937,16.27880859375,2.869697093963623,0.631688117980957,125.17304687500001,122.99603125000002,2.1770156249999957,-0.017392047883710952,1,lowres,4.0,a46009a62cf47d11a3975600ee68526517ab90b5
la_011,0,val,lcc,0.8732699155807495,0.7750480436620801,0.8843920495412522,0.8624240869044564,6.398390293121338,2.0412113666534424,0.6810840964317322,125.13023437500001,122.02204687500002,3.1081874999999997,-0.02483962022068257,1,lowres,4.0,a46009a62cf47d11a3975600ee68526517ab90b5
la_014,0,val,lcc,0.9165721535682678,0.8459928229665071,0.9662356672359111,0.8717643951399895,5.480000019073486,1.457351565361023,0.8124263882637024,145.8793125,131.61632812500002,14.262984374999974,-0.09777249515759799,1,lowres,4.0,a46009a62cf47d11a3975600ee68526517ab90b5
la_017,0,val,lcc,0.8902297019958496,0.8021747188928704,0.923575940363057,0.8592074962280632,4.183526992797852,1.4103262424468994,0.7864372730255127,80.870671875,75.23440625,5.636265624999993,-0.06969480399163548,1,lowres,4.0,a46009a62cf47d11a3975600ee68526517ab90b5
la_016,1,val,lcc,0.8365404009819031,0.7190111492105209,0.9873960242492599,0.7256714190981433,11.25,2.8117921352386475,0.6060235500335693,103.298,75.917265625,27.380734375000003,-0.2650654840848807,1,lowres,4.0,a46009a62cf47d11a3975600ee68526517ab90b5
la_019,1,val,lcc,0.8466166853904724,0.7340288721041859,0.9775660354601375,0.7466055012067282,11.4435396194458,2.560204267501831,0.6129864454269409,116.19098437500001,88.739609375,27.451375000000013,-0.23626080067797867,1,lowres,4.0,a46009a62cf47d11a3975600ee68526517ab90b5
la_020,1,val,lcc,0.836564302444458,0.7190464127895522,0.8798388207742113,0.7973470661672909,12.550581932067871,2.5923986434936523,0.7168376445770264,68.58562500000001,62.155187500000004,6.430437500000004,-0.09375780274656684,1,lowres,4.0,a46009a62cf47d11a3975600ee68526517ab90b5
la_021,1,val,lcc,0.9008320569992065,0.8195581500201704,0.9206429599616144,0.8818557859258502,4.506938934326172,1.359602689743042,0.8335215449333191,83.83543750000001,80.30340625000001,3.532031250000003,-0.04213052803595141,1,lowres,4.0,a46009a62cf47d11a3975600ee68526517ab90b5
la_003,2,val,lcc,0.9218469262123108,0.8550241166096509,0.9513002364066194,0.8941626113814635,3.011660575866699,1.0554521083831787,0.8814730644226074,96.334546875,90.5484375,5.786109374999995,-0.06006266248916734,1,lowres,4.0,a46009a62cf47d11a3975600ee68526517ab90b5
la_005,2,val,lcc,0.8651784062385559,0.762391533000263,0.9462133110326962,0.7969284155915548,11.180339813232422,2.2605576515197754,0.6912383437156677,124.60792187500002,104.94842187500001,19.65950000000001,-0.15777086804899423,1,lowres,4.0,a46009a62cf47d11a3975600ee68526517ab90b5
la_023,2,val,lcc,0.8253294825553894,0.7026051127553055,0.9424156886049622,0.7341218405703176,10.140024185180664,2.5376482009887695,0.6710756421089172,92.4835625,72.04273437500001,20.440828124999996,-0.22102120174057951,1,lowres,4.0,a46009a62cf47d11a3975600ee68526517ab90b5
la_026,2,val,lcc,0.8657233119010925,0.7632381670493882,0.9084382075183063,0.8268448900027847,10.842129707336426,2.2620532512664795,0.6973277926445007,115.30476562500002,104.94842187500001,10.356343750000008,-0.08981713543117058,1,lowres,4.0,a46009a62cf47d11a3975600ee68526517ab90b5
la_007,3,val,lcc,0.9081560373306274,0.8317635937117047,0.9658873754828217,0.8569367289517351,4.809636116027832,1.450496792793274,0.8504071235656738,118.6848125,105.29734375000001,13.387468749999996,-0.1127984993867686,1,lowres,4.0,a46009a62cf47d11a3975600ee68526517ab90b5
la_018,3,val,lcc,0.8991614580154419,0.8167968395241123,0.9064909539888122,0.891949520243969,3.75,1.2547367811203003,0.831672191619873,86.337828125,84.95284375,1.384984375000002,-0.016041454888056948,1,lowres,4.0,a46009a62cf47d11a3975600ee68526517ab90b5
la_024,3,val,lcc,0.9068657159805298,0.8296013636539729,0.892921922234963,0.9212518821251882,7.786693572998047,1.4062159061431885,0.843721866607666,99.51765625,102.67507812500001,3.1574218750000114,0.03172725317272543,1,lowres,4.0,a46009a62cf47d11a3975600ee68526517ab90b5
la_029,3,val,lcc,0.9002812504768372,0.8186467883668417,0.8788002686837417,0.9228386542766891,4.183526992797852,1.3287267684936523,0.8289937376976013,69.79935937500001,73.29714062500001,3.4977812500000027,0.05011193915416938,1,lowres,4.0,a46009a62cf47d11a3975600ee68526517ab90b5
